id,label
000001.jpg,1
000002.jpg,0
000003.jpg,0
000004.jpg,1
000005.jpg,0
000006.jpg,0
000007.jpg,0
000008.jpeg,0
000009.jpg,1
000010.jpg,0
000011.jpg,0
000012.jpeg,0
000013.jpg,0
000014.jpeg,0
000015.jpg,0
000016.jpg,1
000017.jpg,0
000018.jpg,0
000019.jpeg,0
000020.jpg,1
000021.jpg,1
000022.jpg,0
000023.png,0
000024.jpg,0
000025.jpg,1
000026.jpg,0
000027.jpeg,0
000028.jpg,0
000029.jpeg,0
000030.jpeg,0
000031.jpeg,0
000032.jpg,0
000033.jpg,0
000034.jpg,0
000035.jpeg,0
000036.jpg,0
000037.jpg,0
000038.jpg,0
000039.jpeg,0
000040.jpeg,1
000041.jpg,0
000042.jpg,0
000043.jpg,0
000044.jpeg,0
000045.jpeg,0
000046.jpeg,0
000047.jpeg,0
000048.jpg,0
000049.jpg,0
000050.jpg,0
000051.jpg,0
000052.jpg,1
000053.jpg,0
000054.jpg,0
000055.jpeg,0
000056.jpg,1
000057.jpg,0
000058.jpg,0
000059.jpeg,0
000060.jpg,1
000061.jpg,0
000062.jpeg,0
000063.jpg,0
000064.jpg,0
000065.jpeg,0
000066.jpg,0
000067.png,1
000068.jpg,1
000069.jpg,0
000070.png,0
000071.jpg,0
000072.jpeg,0
000073.jpg,0
000074.jpg,0
000075.png,0
000076.jpeg,0
000077.png,0
000078.jpg,0
000079.jpg,0
000080.jpg,0
000081.jpg,0
000082.jpeg,0
000083.jpg,1
000084.jpg,0
000085.jpg,0
000086.jpg,0
000087.jpg,0
000088.jpg,0
000089.jpg,0
000090.jpg,0
000091.jpeg,0
000092.jpg,1
000093.jpg,0
000094.jpg,1
000095.jpg,0
000096.jpg,0
000097.jpeg,1
000098.png,0
000099.jpg,0
000100.jpg,0
000101.jpg,0
000102.png,0
000103.jpg,0
000104.jpg,0
000105.jpg,0
000106.jpg,1
000107.jpg,0
000108.png,0
000109.jpg,1
000110.jpeg,0
000111.jpeg,0
000112.jpg,0
000113.png,0
000114.jpg,0
000115.jpeg,0
000116.jpg,0
000117.jpg,1
000118.jpg,1
000119.jpg,0
000120.jpg,0
000121.jpg,0
000122.jpg,1
000123.jpg,1
000124.jpg,1
000125.jpg,0
000126.jpg,0
000127.jpg,0
000128.jpg,0
000129.jpg,0
000130.jpg,0
000131.jpg,0
000132.jpg,0
000133.jpeg,0
000134.jpg,0
000135.jpg,0
000136.jpeg,0
000137.png,0
000138.jpg,0
000139.jpeg,1
000140.jpeg,0
000141.jpeg,0
000142.jpg,0
000143.jpg,1
000144.jpg,0
000145.jpg,0
000146.jpg,1
000147.jpg,1
000148.png,0
000149.jpg,0
000150.jpg,0
000151.jpg,0
000152.jpeg,1
000153.jpeg,0
000154.jpg,1
000155.jpg,0
000156.jpeg,0
000157.jpg,0
000158.jpg,0
000159.png,0
000160.jpg,0
000161.png,0
000162.jpeg,0
000163.jpg,0
000164.jpg,0
000165.jpg,1
000166.jpeg,0
000167.jpg,0
000168.jpg,1
000169.jpeg,1
000170.jpeg,0
000171.jpeg,0
000172.jpg,0
000173.png,0
000174.jpg,0
000175.jpg,1
000176.jpg,0
000177.jpg,0
000178.jpg,0
000179.jpg,1
000180.jpeg,0
000181.jpg,1
000182.jpg,0
000183.jpg,0
000184.jpg,0
000185.jpg,0
000186.jpeg,1
000187.jpg,1
000188.jpeg,0
000189.jpg,0
000190.jpg,0
000191.jpg,0
000192.png,0
000193.jpg,0
000194.jpg,0
000195.jpeg,0
000196.jpg,1
000197.png,1
000198.jpg,0
000199.jpg,0
000200.jpg,0
000201.jpg,0
000202.jpeg,1
000203.png,0
000204.jpg,0
000205.jpg,0
000206.jpg,1
000207.jpg,1
000208.jpg,0
000209.jpeg,0
000210.jpg,0
000211.jpg,0
000212.jpg,0
000213.jpeg,0
000214.jpeg,0
000215.jpg,0
000216.jpg,0
000217.jpg,0
000218.jpg,0
000219.jpg,0
000220.jpg,1
000221.jpg,0
000222.jpg,0
000223.jpg,0
000224.jpg,0
000225.png,0
000226.jpg,0
000227.jpg,0
000228.jpg,1
000229.jpg,1
000230.jpg,0
000231.jpg,1
000232.jpg,0
000233.jpg,1
000234.png,0
000235.jpg,0
000236.jpg,0
000237.jpg,0
000238.jpg,0
000239.png,0
000240.jpeg,0
000241.jpg,0
000242.jpg,0
000243.jpeg,0
000244.jpg,0
000245.jpeg,0
000246.jpg,0
000247.jpeg,0
000248.jpg,0
000249.jpeg,0
000250.jpg,1
000251.jpg,0
000252.jpeg,0
000253.jpg,1
000254.jpeg,0
000255.jpeg,0
000256.jpg,0
000257.jpeg,0
000258.jpeg,1
000259.jpg,0
000260.jpg,1
000261.jpeg,0
000262.jpg,0
000263.jpg,0
000264.jpeg,0
000265.jpg,0
000266.jpeg,0
000267.jpeg,0
000268.jpg,1
000269.jpeg,0
000270.jpg,0
000271.jpg,0
000272.jpeg,0
000273.jpg,1
000274.jpeg,1
000275.jpeg,0
000276.jpg,0
000277.jpg,0
000278.jpg,0
000279.jpg,0
000280.jpeg,0
000281.jpg,0
000282.jpg,0
000283.jpg,0
000284.jpg,0
000285.jpeg,0
000286.jpg,0
000287.jpg,0
000288.jpeg,0
000289.jpeg,0
000290.jpeg,0
000291.jpg,0
000292.png,0
000293.jpg,0
000294.jpg,1
000295.jpg,0
000296.jpg,0
000297.jpg,0
000298.jpeg,0
000299.jpg,1
000300.jpg,0
000301.jpg,0
000302.jpg,0
000303.jpeg,0
000304.jpg,0
000305.jpg,0
000306.jpeg,0
000307.jpg,0
000308.jpg,0
000309.jpg,1
000310.jpg,0
000311.jpeg,0
000312.jpg,0
000313.jpeg,1
000314.jpg,0
000315.jpg,1
000316.jpeg,0
000317.png,0
000318.jpg,0
000319.jpg,1
000320.png,0
000321.jpg,0
000322.jpg,0
000323.jpg,0
000324.jpg,1
000325.jpg,0
000326.jpg,0
000327.jpg,0
000328.png,0
000329.jpg,0
000330.jpg,1
000331.jpg,0
000332.jpg,0
000333.jpeg,0
000334.jpg,1
000335.jpg,1
000336.jpeg,0
000337.jpg,0
000338.png,0
000339.jpg,1
000340.jpeg,0
000341.jpg,0
000342.jpg,0
000343.jpg,0
000344.jpeg,1
000345.jpeg,0
000346.jpg,0
000347.jpeg,0
000348.jpg,0
000349.jpg,1
000350.jpeg,0
000351.jpg,0
000352.jpg,1
000353.jpg,0
000354.png,0
000355.jpeg,0
000356.jpg,0
000357.jpg,1
000358.jpg,0
000359.jpg,0
000360.jpg,1
000361.jpg,0
000362.jpeg,1
000363.jpeg,0
000364.jpg,0
000365.jpeg,0
000366.jpg,1
000367.jpg,0
000368.jpg,1
000369.png,0
000370.jpg,0
000371.jpg,0
000372.jpg,0
000373.jpg,0
000374.jpg,0
000375.jpg,0
000376.jpeg,0
000377.jpg,1
000378.jpg,0
000379.jpg,0
000380.jpg,1
000381.jpg,0
000382.jpg,0
000383.jpg,0
000384.jpg,1
000385.png,1
000386.jpg,1
000387.jpeg,0
000388.jpeg,0
000389.jpeg,0
000390.jpg,1
000391.jpg,0
000392.jpg,0
000393.jpg,0
000394.jpg,0
000395.jpg,0
000396.jpeg,0
000397.jpg,0
000398.jpg,0
000399.jpg,0
000400.png,0
000401.jpg,0
000402.jpg,1
000403.jpg,0
000404.jpg,1
000405.jpeg,0
000406.jpg,0
000407.jpeg,0
000408.jpeg,0
000409.jpg,0
000410.jpg,0
000411.jpg,0
000412.jpg,0
000413.jpg,1
000414.jpeg,0
000415.jpg,0
000416.jpg,1
000417.jpg,0
000418.png,1
000419.jpeg,0
000420.jpg,0
000421.jpg,0
000422.jpg,0
000423.jpg,0
000424.jpg,0
000425.jpg,0
000426.jpg,0
000427.jpg,1
000428.jpg,0
000429.jpg,0
000430.jpg,1
000431.jpg,0
000432.jpeg,0
000433.jpg,1
000434.jpg,0
000435.jpg,0
000436.jpg,0
000437.jpg,0
000438.jpg,0
000439.jpeg,0
000440.jpeg,0
000441.jpg,0
000442.png,0
000443.jpeg,0
000444.jpeg,1
000445.jpg,0
000446.jpg,0
000447.jpg,1
000448.jpg,1
000449.jpeg,0
000450.jpg,0
000451.png,0
000452.jpg,0
000453.png,0
000454.png,0
000455.png,0
000456.jpg,1
000457.jpeg,0
000458.jpg,0
000459.jpg,0
000460.jpg,0
000461.jpg,0
000462.jpg,1
000463.jpg,0
000464.jpg,1
000465.jpg,0
000466.jpeg,0
000467.png,0
000468.jpg,0
000469.jpeg,0
000470.jpeg,0
000471.jpg,0
000472.jpeg,0
000473.jpg,0
000474.jpg,0
000475.jpg,0
000476.jpg,0
000477.jpg,0
000478.jpg,0
000479.jpeg,0
000480.jpeg,0
000481.jpg,1
000482.jpg,0
000483.jpg,0
000484.jpg,1
000485.jpg,0
000486.jpg,1
000487.jpeg,0
000488.jpg,0
000489.jpg,0
000490.jpeg,0
000491.jpg,0
000492.jpg,1
000493.jpeg,0
000494.jpeg,0
000495.jpg,1
000496.jpg,0
000497.jpg,0
000498.png,1
000499.jpg,1
000500.jpg,0
000501.jpg,0
000502.jpeg,0
000503.png,0
000504.jpg,0
000505.jpg,0
000506.jpeg,0
000507.png,1
000508.jpg,1
000509.jpeg,0
000510.jpeg,0
000511.jpg,0
